epoch,step,train_acc,train_loss,val_acc,val_loss
0,49,0.90625,0.4420345425605774,,
0,99,0.84375,0.7070969939231873,,
0,149,0.78125,0.7209109663963318,,
0,199,0.875,0.5265383720397949,,
0,249,0.8125,0.6580175757408142,,
0,299,0.875,0.47508442401885986,,
0,349,0.875,0.5291019082069397,,
0,399,0.9375,0.38201218843460083,,
0,449,0.875,0.5710009336471558,,
0,499,0.78125,0.7284122705459595,,
0,549,0.84375,0.5730920433998108,,
0,599,0.96875,0.27575334906578064,,
0,649,0.84375,0.6881203055381775,,
0,699,0.875,0.6791033148765564,,
0,749,0.9375,0.27968764305114746,,
0,799,0.84375,0.4312891960144043,,
0,849,0.84375,0.4560322165489197,,
0,899,0.8125,0.6254239678382874,,
0,949,0.75,0.8295291066169739,,
0,999,0.875,0.28688353300094604,,
0,1049,0.9375,0.3762272596359253,,
0,1099,0.8125,0.5485451817512512,,
0,1149,0.90625,0.3340749740600586,,
0,1199,0.875,0.2976135015487671,,
0,1249,0.875,0.47145476937294006,,
0,1299,0.875,0.4038030505180359,,
0,1349,0.875,0.277701735496521,,
0,1399,0.84375,0.5208583474159241,,
0,1449,0.8125,0.8709055781364441,,
0,1499,0.90625,0.30181267857551575,,
0,1549,0.8125,0.46662166714668274,,
0,1599,0.875,0.42231714725494385,,
0,1649,0.75,0.6107913851737976,,
0,1699,0.9375,0.25633835792541504,,
0,1749,0.9375,0.19824805855751038,,
0,1799,0.90625,0.30735355615615845,,
0,1849,0.875,0.45185673236846924,,
0,1899,0.90625,0.3103126883506775,,
0,1949,0.90625,0.33530157804489136,,
0,1999,0.84375,0.469309002161026,,
0,2049,0.8125,0.6975488662719727,,
0,2099,0.8125,0.7381395697593689,,
0,2149,0.84375,0.4833016097545624,,
0,2199,0.875,0.40138304233551025,,
0,2249,0.96875,0.13925328850746155,,
0,2299,0.875,0.4785999655723572,,
0,2349,0.90625,0.31881189346313477,,
0,2399,0.84375,0.45894908905029297,,
0,2449,0.90625,0.18133091926574707,,
0,2462,,,0.9122787117958069,0.3214656114578247
1,2499,0.875,0.5301812291145325,,
1,2549,0.9375,0.2961517572402954,,
1,2599,0.9375,0.1520419418811798,,
1,2649,1.0,0.08909481763839722,,
1,2699,0.90625,0.33754056692123413,,
1,2749,0.9375,0.19111131131649017,,
1,2799,0.96875,0.10502520203590393,,
1,2849,0.8125,0.637107253074646,,
1,2899,0.9375,0.14372137188911438,,
1,2949,1.0,0.08255912363529205,,
1,2999,0.96875,0.15429429709911346,,
1,3049,0.96875,0.11580634862184525,,
1,3099,0.875,0.39915403723716736,,
1,3149,0.875,0.3303300440311432,,
1,3199,0.9375,0.21339717507362366,,
1,3249,0.9375,0.333379864692688,,
1,3299,0.875,0.3171791434288025,,
1,3349,0.875,0.38781625032424927,,
1,3399,0.90625,0.19954955577850342,,
1,3449,0.9375,0.17120258510112762,,
1,3499,0.9375,0.09876751899719238,,
1,3549,0.96875,0.13353393971920013,,
1,3599,0.8125,0.39488837122917175,,
1,3649,0.875,0.32948023080825806,,
1,3699,0.84375,0.4670141637325287,,
1,3749,0.875,0.40269678831100464,,
1,3799,0.90625,0.44422248005867004,,
1,3849,0.90625,0.27442726492881775,,
1,3899,0.90625,0.3446011543273926,,
1,3949,0.96875,0.15266850590705872,,
1,3999,0.96875,0.1383359134197235,,
1,4049,0.96875,0.14523527026176453,,
1,4099,0.96875,0.26217836141586304,,
1,4149,0.84375,0.5737085938453674,,
1,4199,1.0,0.06757191568613052,,
1,4249,0.96875,0.12892693281173706,,
1,4299,0.9375,0.1908818781375885,,
1,4349,0.84375,0.45516979694366455,,
1,4399,0.96875,0.12824805080890656,,
1,4449,0.875,0.5717323422431946,,
1,4499,0.875,0.4943625330924988,,
1,4549,0.96875,0.14443553984165192,,
1,4599,1.0,0.13086634874343872,,
1,4649,0.96875,0.13876307010650635,,
1,4699,0.875,0.40723758935928345,,
1,4749,0.96875,0.0893775150179863,,
1,4799,0.96875,0.21477243304252625,,
1,4849,1.0,0.055093083530664444,,
1,4899,0.84375,0.3904458284378052,,
1,4925,,,0.9354654550552368,0.21929879486560822
2,4949,0.96875,0.3460836708545685,,
2,4999,1.0,0.04974593594670296,,
2,5049,0.96875,0.12378764152526855,,
2,5099,0.90625,0.25987672805786133,,
2,5149,0.875,0.3598068058490753,,
2,5199,0.90625,0.4260028600692749,,
2,5249,0.9375,0.1564144641160965,,
2,5299,1.0,0.0885973647236824,,
2,5349,0.96875,0.11852525919675827,,
2,5399,0.875,0.4816425144672394,,
2,5449,1.0,0.02417963370680809,,
2,5499,0.9375,0.2180059850215912,,
2,5549,0.9375,0.18476587533950806,,
2,5599,0.96875,0.09878559410572052,,
2,5649,0.9375,0.2639988958835602,,
2,5699,0.9375,0.20660245418548584,,
2,5749,0.9375,0.3708885908126831,,
2,5799,0.9375,0.1623714566230774,,
2,5849,0.96875,0.3081192374229431,,
2,5899,0.96875,0.10641446709632874,,
2,5949,1.0,0.03522272780537605,,
2,5999,0.96875,0.184149831533432,,
2,6049,0.90625,0.49127525091171265,,
2,6099,0.9375,0.23803271353244781,,
2,6149,0.84375,0.38051003217697144,,
2,6199,1.0,0.06165073812007904,,
2,6249,0.90625,0.10680713504552841,,
2,6299,0.9375,0.1864953339099884,,
2,6349,0.9375,0.12174239754676819,,
2,6399,0.9375,0.1380072385072708,,
2,6449,0.9375,0.25384071469306946,,
2,6499,0.90625,0.3411506116390228,,
2,6549,0.90625,0.27798232436180115,,
2,6599,0.9375,0.25772520899772644,,
2,6649,0.9375,0.3454630374908447,,
2,6699,0.96875,0.052181415259838104,,
2,6749,1.0,0.06664294749498367,,
2,6799,0.96875,0.32630690932273865,,
2,6849,0.90625,0.1552571952342987,,
2,6899,0.96875,0.051127661019563675,,
2,6949,0.90625,0.30626651644706726,,
2,6999,0.90625,0.1860218644142151,,
2,7049,0.9375,0.15589244663715363,,
2,7099,0.90625,0.30214792490005493,,
2,7149,0.96875,0.1431071013212204,,
2,7199,0.96875,0.09985236823558807,,
2,7249,0.84375,0.5424452424049377,,
2,7299,0.8125,0.4939587414264679,,
2,7349,0.90625,0.2099258452653885,,
2,7388,,,0.9556824564933777,0.1638609915971756
3,7399,0.9375,0.22811560332775116,,
3,7449,1.0,0.0281689316034317,,
3,7499,1.0,0.05351661518216133,,
3,7549,1.0,0.06686544418334961,,
3,7599,0.9375,0.2084309458732605,,
3,7649,0.84375,0.34450918436050415,,
3,7699,0.96875,0.09482848644256592,,
3,7749,0.9375,0.22858867049217224,,
3,7799,0.96875,0.09112726151943207,,
3,7849,0.90625,0.3594392240047455,,
3,7899,0.84375,0.6238864064216614,,
3,7949,1.0,0.028290169313549995,,
3,7999,0.96875,0.06545915454626083,,
3,8049,0.875,0.4172278940677643,,
3,8099,0.9375,0.13177523016929626,,
3,8149,0.9375,0.18336674571037292,,
3,8199,0.90625,0.4911994934082031,,
3,8249,0.96875,0.14742781221866608,,
3,8299,0.96875,0.0809439867734909,,
3,8349,1.0,0.04382775351405144,,
3,8399,0.96875,0.08628058433532715,,
3,8449,1.0,0.014123082160949707,,
3,8499,0.90625,0.38467925786972046,,
3,8549,0.96875,0.05404042825102806,,
3,8599,0.90625,0.3084912598133087,,
3,8649,1.0,0.023805435746908188,,
3,8699,0.9375,0.30067554116249084,,
3,8749,1.0,0.025740617886185646,,
3,8799,0.96875,0.18540208041667938,,
3,8849,0.90625,0.27407243847846985,,
3,8899,0.9375,0.122322678565979,,
3,8949,0.96875,0.07766655832529068,,
3,8999,0.875,0.2534852921962738,,
3,9049,0.96875,0.10287752747535706,,
3,9099,0.96875,0.16238510608673096,,
3,9149,0.9375,0.22306282818317413,,
3,9199,0.9375,0.15192674100399017,,
3,9249,0.90625,0.3861985206604004,,
3,9299,0.9375,0.4336468279361725,,
3,9349,0.9375,0.2922794222831726,,
3,9399,0.90625,0.3846777677536011,,
3,9449,0.90625,0.2209344208240509,,
3,9499,0.90625,0.24398143589496613,,
3,9549,0.78125,0.5934934020042419,,
3,9599,0.96875,0.07622657716274261,,
3,9649,1.0,0.06953532993793488,,
3,9699,0.90625,0.3751792311668396,,
3,9749,1.0,0.01034059002995491,,
3,9799,0.90625,0.2392151802778244,,
3,9849,0.9375,0.3972439467906952,,
3,9851,,,0.9600228667259216,0.1475220024585724
4,9899,0.96875,0.07304339110851288,,
4,9949,1.0,0.0347122848033905,,
4,9999,0.96875,0.12509211897850037,,
4,10049,0.96875,0.05145085230469704,,
4,10099,0.9375,0.27922123670578003,,
4,10149,0.90625,0.29648593068122864,,
4,10199,0.96875,0.24192385375499725,,
4,10249,1.0,0.03464566171169281,,
4,10299,0.90625,0.1783449351787567,,
4,10349,1.0,0.03285970166325569,,
4,10399,1.0,0.023968400433659554,,
4,10449,0.90625,0.2042081654071808,,
4,10499,0.9375,0.21666109561920166,,
4,10549,0.9375,0.18501020967960358,,
4,10599,0.90625,0.4108557403087616,,
4,10649,0.96875,0.07179445773363113,,
4,10699,0.96875,0.13282041251659393,,
4,10749,0.96875,0.06646314263343811,,
4,10799,0.9375,0.24012455344200134,,
4,10849,0.9375,0.31098225712776184,,
4,10899,0.96875,0.07086525857448578,,
4,10949,0.875,0.43879786133766174,,
4,10999,0.90625,0.1808893233537674,,
4,11049,0.96875,0.053272560238838196,,
4,11099,0.9375,0.102663554251194,,
4,11149,0.875,0.24684792757034302,,
4,11199,1.0,0.0777299702167511,,
4,11249,0.96875,0.06323205679655075,,
4,11299,1.0,0.026089930906891823,,
4,11349,0.96875,0.21408875286579132,,
4,11399,0.90625,0.24163196980953217,,
4,11449,0.875,0.40365269780158997,,
4,11499,0.96875,0.09477950632572174,,
4,11549,1.0,0.045533113181591034,,
4,11599,0.90625,0.4593248963356018,,
4,11649,0.9375,0.20129089057445526,,
4,11699,0.90625,0.24506530165672302,,
4,11749,1.0,0.01355105359107256,,
4,11799,0.96875,0.1064583957195282,,
4,11849,1.0,0.04966973140835762,,
4,11899,0.96875,0.2537960112094879,,
4,11949,0.9375,0.19440895318984985,,
4,11999,1.0,0.043290190398693085,,
4,12049,0.96875,0.08314289152622223,,
4,12099,0.96875,0.20646215975284576,,
4,12149,0.9375,0.22967812418937683,,
4,12199,1.0,0.04588047415018082,,
4,12249,0.9375,0.36538153886795044,,
4,12299,0.96875,0.11237747967243195,,
4,12314,,,0.9658480882644653,0.12498947232961655
5,12349,1.0,0.027099132537841797,,
5,12399,0.96875,0.13988609611988068,,
5,12449,0.90625,0.27700814604759216,,
5,12499,1.0,0.03506305441260338,,
5,12549,0.875,0.3332979083061218,,
5,12599,0.96875,0.13375622034072876,,
5,12649,1.0,0.02086462825536728,,
5,12699,1.0,0.0290298443287611,,
5,12749,0.96875,0.13035796582698822,,
5,12799,0.9375,0.2570752501487732,,
5,12849,1.0,0.020681386813521385,,
5,12899,0.96875,0.10539767891168594,,
5,12949,0.96875,0.08543460071086884,,
5,12999,0.9375,0.22181816399097443,,
5,13049,1.0,0.03832371532917023,,
5,13099,0.96875,0.17874440550804138,,
5,13149,0.96875,0.2816350758075714,,
5,13199,0.9375,0.1103818491101265,,
5,13249,0.9375,0.1761305034160614,,
5,13299,0.90625,0.26139742136001587,,
5,13349,0.96875,0.12809740006923676,,
5,13399,0.84375,0.49625518918037415,,
5,13449,0.96875,0.05960174277424812,,
5,13499,0.9375,0.25051164627075195,,
5,13549,1.0,0.024577874690294266,,
5,13599,0.9375,0.14332644641399384,,
5,13649,0.9375,0.1504315584897995,,
5,13699,0.9375,0.34158870577812195,,
5,13749,0.96875,0.3089592754840851,,
5,13799,0.90625,0.18226131796836853,,
5,13849,1.0,0.05267462506890297,,
5,13899,0.96875,0.20995669066905975,,
5,13949,0.96875,0.16008715331554413,,
5,13999,0.9375,0.16499465703964233,,
5,14049,0.96875,0.0878719910979271,,
5,14099,0.90625,0.23804710805416107,,
5,14149,0.96875,0.1730176955461502,,
5,14199,0.96875,0.04892953857779503,,
5,14249,0.9375,0.2656213939189911,,
5,14299,0.96875,0.0653601884841919,,
5,14349,1.0,0.05462567135691643,,
5,14399,0.96875,0.16351592540740967,,
5,14449,0.9375,0.1354692429304123,,
5,14499,0.96875,0.09135039150714874,,
5,14549,1.0,0.02497340366244316,,
5,14599,0.96875,0.1572214961051941,,
5,14649,0.96875,0.09069347381591797,,
5,14699,0.96875,0.0899517759680748,,
5,14749,0.9375,0.1294921487569809,,
5,14777,,,0.968360960483551,0.11773908138275146
6,14799,0.96875,0.14742256700992584,,
6,14849,1.0,0.04455791413784027,,
6,14899,0.96875,0.2399737536907196,,
6,14949,0.96875,0.10694519430398941,,
6,14999,0.90625,0.19989091157913208,,
6,15049,0.96875,0.04934598132967949,,
6,15099,0.96875,0.09649879485368729,,
6,15149,0.96875,0.08954460918903351,,
6,15199,0.875,0.3868798315525055,,
6,15249,0.96875,0.05869904160499573,,
6,15299,0.90625,0.29508283734321594,,
6,15349,0.96875,0.11076822876930237,,
6,15399,0.9375,0.21646058559417725,,
6,15449,0.9375,0.231197327375412,,
6,15499,1.0,0.025062119588255882,,
6,15549,0.96875,0.0871620923280716,,
6,15599,0.875,0.5786553025245667,,
6,15649,0.9375,0.4004565477371216,,
6,15699,0.9375,0.2585696280002594,,
6,15749,0.875,0.5060020685195923,,
6,15799,1.0,0.022340906783938408,,
6,15849,0.96875,0.20284831523895264,,
6,15899,1.0,0.03428633138537407,,
6,15949,0.9375,0.2657419741153717,,
6,15999,0.96875,0.09126224368810654,,
6,16049,0.96875,0.061597589403390884,,
6,16099,0.96875,0.15430675446987152,,
6,16149,0.96875,0.11505307257175446,,
6,16199,0.96875,0.06458790600299835,,
6,16249,0.96875,0.16105763614177704,,
6,16299,0.96875,0.1447392702102661,,
6,16349,0.90625,0.31883060932159424,,
6,16399,0.96875,0.19031992554664612,,
6,16449,0.96875,0.14100676774978638,,
6,16499,0.96875,0.17804914712905884,,
6,16549,0.96875,0.1689791977405548,,
6,16599,0.90625,0.30730128288269043,,
6,16649,0.96875,0.19730104506015778,,
6,16699,0.96875,0.27380338311195374,,
6,16749,1.0,0.034356921911239624,,
6,16799,1.0,0.024700282141566277,,
6,16849,0.96875,0.06389077007770538,,
6,16899,0.96875,0.08034300059080124,,
6,16949,0.9375,0.13806484639644623,,
6,16999,0.96875,0.14909520745277405,,
6,17049,1.0,0.042436450719833374,,
6,17099,0.9375,0.1284269392490387,,
6,17149,0.90625,0.16248582303524017,,
6,17199,0.96875,0.08082207292318344,,
6,17240,,,0.9707595705986023,0.11066314578056335
7,17249,1.0,0.033101532608270645,,
7,17299,0.90625,0.3314512073993683,,
7,17349,1.0,0.011754811741411686,,
7,17399,1.0,0.027939345687627792,,
7,17449,1.0,0.040291283279657364,,
7,17499,1.0,0.02937604859471321,,
7,17549,0.96875,0.13115480542182922,,
7,17599,0.90625,0.39913952350616455,,
7,17649,0.96875,0.06202021986246109,,
7,17699,1.0,0.01959455944597721,,
7,17749,0.96875,0.15439124405384064,,
7,17799,0.96875,0.07181902229785919,,
7,17849,0.90625,0.25681328773498535,,
7,17899,0.96875,0.08808020502328873,,
7,17949,0.96875,0.08891253173351288,,
7,17999,0.9375,0.1254214197397232,,
7,18049,0.90625,0.3183707296848297,,
7,18099,0.90625,0.1813170313835144,,
7,18149,0.90625,0.3737175166606903,,
7,18199,0.96875,0.09380322694778442,,
7,18249,1.0,0.030481621623039246,,
7,18299,0.9375,0.4151362180709839,,
7,18349,0.9375,0.2834107279777527,,
7,18399,0.96875,0.10464964807033539,,
7,18449,0.96875,0.10372892022132874,,
7,18499,0.96875,0.16071993112564087,,
7,18549,0.96875,0.03614095598459244,,
7,18599,1.0,0.048020292073488235,,
7,18649,0.96875,0.1284392923116684,,
7,18699,1.0,0.030121373012661934,,
7,18749,1.0,0.05304407700896263,,
7,18799,0.96875,0.21133415400981903,,
7,18849,1.0,0.018396925181150436,,
7,18899,0.96875,0.1806940883398056,,
7,18949,1.0,0.030726293101906776,,
7,18999,0.96875,0.18560899794101715,,
7,19049,0.9375,0.17513388395309448,,
7,19099,0.9375,0.1166023313999176,,
7,19149,1.0,0.018063917756080627,,
7,19199,1.0,0.04326990991830826,,
7,19249,1.0,0.07936505228281021,,
7,19299,0.9375,0.24867360293865204,,
7,19349,0.875,0.4472917914390564,,
7,19399,0.96875,0.06292718648910522,,
7,19449,0.9375,0.15440237522125244,,
7,19499,1.0,0.029741592705249786,,
7,19549,0.96875,0.08990602195262909,,
7,19599,0.96875,0.07617051899433136,,
7,19649,0.90625,0.3111993372440338,,
7,19699,0.875,0.46842846274375916,,
7,19703,,,0.9739577174186707,0.10384644567966461
8,19749,1.0,0.03154919296503067,,
8,19799,1.0,0.03675972297787666,,
8,19849,0.9375,0.1945323795080185,,
8,19899,0.9375,0.10126745700836182,,
8,19949,0.96875,0.04675815626978874,,
8,19999,0.9375,0.22970114648342133,,
8,20049,1.0,0.06348642706871033,,
8,20099,0.96875,0.0699034333229065,,
8,20149,0.9375,0.24877643585205078,,
8,20199,1.0,0.03023732639849186,,
8,20249,1.0,0.05169428139925003,,
8,20299,0.96875,0.08139938116073608,,
8,20349,0.9375,0.186706081032753,,
8,20399,1.0,0.06663276255130768,,
8,20449,0.96875,0.20819003880023956,,
8,20499,0.96875,0.11309264600276947,,
8,20549,0.96875,0.08456870913505554,,
8,20599,0.96875,0.08828012645244598,,
8,20649,0.96875,0.06327146291732788,,
8,20699,1.0,0.02837264910340309,,
8,20749,0.96875,0.1687750667333603,,
8,20799,0.9375,0.25322285294532776,,
8,20849,0.96875,0.12862461805343628,,
8,20899,0.96875,0.04775720462203026,,
8,20949,0.96875,0.07919387519359589,,
8,20999,1.0,0.011007498949766159,,
8,21049,1.0,0.02314310520887375,,
8,21099,0.96875,0.042709462344646454,,
8,21149,1.0,0.018176833167672157,,
8,21199,0.96875,0.14975358545780182,,
8,21249,1.0,0.03015156090259552,,
8,21299,1.0,0.038627635687589645,,
8,21349,1.0,0.01601332053542137,,
8,21399,1.0,0.01752583682537079,,
8,21449,1.0,0.018217263743281364,,
8,21499,0.96875,0.07092758268117905,,
8,21549,0.96875,0.07287178933620453,,
8,21599,0.90625,0.3205100893974304,,
8,21649,1.0,0.0071936738677322865,,
8,21699,0.9375,0.1279381364583969,,
8,21749,0.9375,0.13112975656986237,,
8,21799,0.9375,0.26901310682296753,,
8,21849,0.90625,0.2732255160808563,,
8,21899,0.9375,0.11493030190467834,,
8,21949,0.9375,0.2112531214952469,,
8,21999,1.0,0.02605314552783966,,
8,22049,0.90625,0.40828633308410645,,
8,22099,1.0,0.007674990221858025,,
8,22149,0.96875,0.05808662995696068,,
8,22166,,,0.973843514919281,0.09986449778079987
9,22199,1.0,0.00986099150031805,,
9,22249,0.9375,0.2763700783252716,,
9,22299,0.9375,0.1965842843055725,,
9,22349,1.0,0.019697217270731926,,
9,22399,0.96875,0.08201385289430618,,
9,22449,0.9375,0.2554545998573303,,
9,22499,1.0,0.013504605740308762,,
9,22549,1.0,0.018347084522247314,,
9,22599,1.0,0.06046302616596222,,
9,22649,0.96875,0.2190438061952591,,
9,22699,0.96875,0.08947741985321045,,
9,22749,0.96875,0.04459107667207718,,
9,22799,1.0,0.004143889527767897,,
9,22849,0.9375,0.07439551502466202,,
9,22899,0.9375,0.09427966922521591,,
9,22949,0.96875,0.10184239596128464,,
9,22999,0.9375,0.13933521509170532,,
9,23049,0.9375,0.1650969684123993,,
9,23099,0.875,0.3282046914100647,,
9,23149,0.9375,0.3431330621242523,,
9,23199,0.96875,0.0647968128323555,,
9,23249,1.0,0.02421317622065544,,
9,23299,0.96875,0.07520915567874908,,
9,23349,0.9375,0.1852077841758728,,
9,23399,0.9375,0.29178157448768616,,
9,23449,0.96875,0.13124974071979523,,
9,23499,0.9375,0.13224871456623077,,
9,23549,0.9375,0.34359678626060486,,
9,23599,0.96875,0.11242930591106415,,
9,23649,0.96875,0.12451356649398804,,
9,23699,0.96875,0.06719408184289932,,
9,23749,0.90625,0.17399939894676208,,
9,23799,1.0,0.02483336441218853,,
9,23849,0.9375,0.1597733497619629,,
9,23899,0.9375,0.20651301741600037,,
9,23949,1.0,0.021237406879663467,,
9,23999,1.0,0.014354174956679344,,
9,24049,1.0,0.03459882736206055,,
9,24099,0.96875,0.08867166191339493,,
9,24149,0.96875,0.16551555693149567,,
9,24199,0.96875,0.04703853279352188,,
9,24249,0.96875,0.16539400815963745,,
9,24299,1.0,0.039088014513254166,,
9,24349,1.0,0.013708488084375858,,
9,24399,1.0,0.01497647538781166,,
9,24449,0.90625,0.1823241114616394,,
9,24499,0.96875,0.0947725772857666,,
9,24549,1.0,0.014411269687116146,,
9,24599,1.0,0.007397376466542482,,
9,24629,,,0.9763563871383667,0.08899303525686264
10,24649,1.0,0.026422034949064255,,
10,24699,0.96875,0.2212923914194107,,
10,24749,0.96875,0.1045585572719574,,
10,24799,0.90625,0.16331470012664795,,
10,24849,0.96875,0.10317457467317581,,
10,24899,0.9375,0.16556154191493988,,
10,24949,0.96875,0.2517620027065277,,
10,24999,1.0,0.03128482401371002,,
10,25049,1.0,0.023372868075966835,,
10,25099,0.96875,0.05206739902496338,,
10,25149,1.0,0.019827453419566154,,
10,25199,0.90625,0.32357773184776306,,
10,25249,1.0,0.022146068513393402,,
10,25299,0.96875,0.10578417778015137,,
10,25349,0.9375,0.23616626858711243,,
10,25399,0.9375,0.12720374763011932,,
10,25449,0.96875,0.11764885485172272,,
10,25499,1.0,0.031206659972667694,,
10,25549,1.0,0.037980545312166214,,
10,25599,0.96875,0.1326819360256195,,
10,25649,0.96875,0.08763543516397476,,
10,25699,0.96875,0.07998159527778625,,
10,25749,0.96875,0.06532906740903854,,
10,25799,1.0,0.024179859086871147,,
10,25849,1.0,0.03537074476480484,,
10,25899,0.96875,0.08865487575531006,,
10,25949,1.0,0.03289986029267311,,
10,25999,0.96875,0.15421488881111145,,
10,26049,0.96875,0.09625564515590668,,
10,26099,1.0,0.012435891665518284,,
10,26149,1.0,0.029119685292243958,,
10,26199,0.9375,0.13182774186134338,,
10,26249,0.90625,0.39833158254623413,,
10,26299,0.96875,0.06248027831315994,,
10,26349,1.0,0.024507008492946625,,
10,26399,0.96875,0.12188766151666641,,
10,26449,0.96875,0.05820966139435768,,
10,26499,0.96875,0.05305413156747818,,
10,26549,1.0,0.014592212624847889,,
10,26599,0.96875,0.052862487733364105,,
10,26649,0.96875,0.15973776578903198,,
10,26699,0.96875,0.18310770392417908,,
10,26749,1.0,0.02941116690635681,,
10,26799,1.0,0.02996819280087948,,
10,26849,1.0,0.03284488990902901,,
10,26899,0.9375,0.26959604024887085,,
10,26949,0.96875,0.12270607054233551,,
10,26999,0.96875,0.051519691944122314,,
10,27049,0.96875,0.061945535242557526,,
10,27092,,,0.973272442817688,0.09439373016357422
11,27099,0.9375,0.1482691913843155,,
11,27149,0.96875,0.11051423847675323,,
11,27199,0.9375,0.10313543677330017,,
11,27249,0.96875,0.08794714510440826,,
11,27299,1.0,0.01642424799501896,,
11,27349,0.9375,0.09868766367435455,,
11,27399,1.0,0.014880857430398464,,
11,27449,0.90625,0.19974608719348907,,
11,27499,0.96875,0.0704173818230629,,
11,27549,1.0,0.012161877006292343,,
11,27599,1.0,0.00918935053050518,,
11,27649,1.0,0.01619776338338852,,
11,27699,0.9375,0.2521146237850189,,
11,27749,0.96875,0.074904665350914,,
11,27799,1.0,0.021365953609347343,,
11,27849,0.96875,0.05777040868997574,,
11,27899,1.0,0.020178547129034996,,
11,27949,1.0,0.017297783866524696,,
11,27999,0.90625,0.3182885944843292,,
11,28049,0.96875,0.08307717740535736,,
11,28099,1.0,0.028800852596759796,,
11,28149,0.9375,0.22136181592941284,,
11,28199,0.875,0.32182300090789795,,
11,28249,0.875,0.2877776026725769,,
11,28299,0.96875,0.19190971553325653,,
11,28349,0.9375,0.09280210733413696,,
11,28399,1.0,0.043572429567575455,,
11,28449,1.0,0.05792534351348877,,
11,28499,1.0,0.02012898586690426,,
11,28549,0.96875,0.12735047936439514,,
11,28599,1.0,0.016973130404949188,,
11,28649,1.0,0.015286953188478947,,
11,28699,1.0,0.017530011013150215,,
11,28749,1.0,0.02262924425303936,,
11,28799,0.90625,0.3522540330886841,,
11,28849,0.96875,0.13567690551280975,,
11,28899,1.0,0.03598861023783684,,
11,28949,0.96875,0.08257105946540833,,
11,28999,1.0,0.03946786746382713,,
11,29049,0.96875,0.14835762977600098,,
11,29099,0.96875,0.08986357599496841,,
11,29149,1.0,0.013968043029308319,,
11,29199,0.96875,0.14501641690731049,,
11,29249,1.0,0.010108711197972298,,
11,29299,0.9375,0.14865367114543915,,
11,29349,0.96875,0.051300834864377975,,
11,29399,0.9375,0.09840189665555954,,
11,29449,1.0,0.0253274105489254,,
11,29499,1.0,0.016628863289952278,,
11,29549,1.0,0.02927554026246071,,
11,29555,,,0.9777269959449768,0.08353962004184723
12,29599,0.9375,0.16355814039707184,,
12,29649,1.0,0.016400886699557304,,
12,29699,0.96875,0.04181047901511192,,
12,29749,0.96875,0.1254219114780426,,
12,29799,0.96875,0.0529589019715786,,
12,29849,1.0,0.01802114211022854,,
12,29899,1.0,0.016982559114694595,,
12,29949,1.0,0.03045489266514778,,
12,29999,1.0,0.02521137148141861,,
12,30049,0.9375,0.3298099637031555,,
12,30099,1.0,0.02305791527032852,,
12,30149,1.0,0.028414767235517502,,
12,30199,1.0,0.07469658553600311,,
12,30249,0.9375,0.1967138946056366,,
12,30299,1.0,0.016962314024567604,,
12,30349,0.96875,0.07430002093315125,,
12,30399,0.96875,0.12573592364788055,,
12,30449,0.96875,0.19587403535842896,,
12,30499,0.96875,0.06639792770147324,,
12,30549,1.0,0.031436748802661896,,
12,30599,0.96875,0.06850036233663559,,
12,30649,1.0,0.03323715552687645,,
12,30699,1.0,0.03335576876997948,,
12,30749,0.96875,0.08718014508485794,,
12,30799,1.0,0.03172140568494797,,
12,30849,0.9375,0.32578757405281067,,
12,30899,1.0,0.02837158739566803,,
12,30949,1.0,0.02483428455889225,,
12,30999,0.9375,0.21610428392887115,,
12,31049,1.0,0.03738875687122345,,
12,31099,0.96875,0.19626232981681824,,
12,31149,0.9375,0.1325293332338333,,
12,31199,0.9375,0.08287445455789566,,
12,31249,1.0,0.05385509505867958,,
12,31299,1.0,0.01590067707002163,,
12,31349,0.9375,0.2780470848083496,,
12,31399,0.9375,0.19501769542694092,,
12,31449,0.96875,0.03667532280087471,,
12,31499,0.96875,0.2139538824558258,,
12,31549,0.96875,0.07030747830867767,,
12,31599,1.0,0.05064818635582924,,
12,31649,1.0,0.01275149080902338,,
12,31699,0.9375,0.23526032269001007,,
12,31749,0.96875,0.2160385400056839,,
12,31799,0.875,0.16711318492889404,,
12,31849,0.9375,0.08150549978017807,,
12,31899,1.0,0.0040006861090660095,,
12,31949,1.0,0.023357631638646126,,
12,31999,0.96875,0.05725659430027008,,
12,32018,,,0.9780696630477905,0.08136945962905884
13,32049,0.9375,0.18043486773967743,,
13,32099,0.96875,0.045053280889987946,,
13,32149,0.96875,0.24064213037490845,,
13,32199,1.0,0.047685615718364716,,
13,32249,1.0,0.010776414535939693,,
13,32299,1.0,0.0245007686316967,,
13,32349,1.0,0.016917025670409203,,
13,32399,1.0,0.048645250499248505,,
13,32449,0.96875,0.1121712327003479,,
13,32499,0.96875,0.13211005926132202,,
13,32549,0.96875,0.049958616495132446,,
13,32599,1.0,0.061767470091581345,,
13,32649,0.96875,0.07774043083190918,,
13,32699,0.96875,0.05741429328918457,,
13,32749,0.96875,0.08473324775695801,,
13,32799,0.9375,0.11290932446718216,,
13,32849,0.96875,0.0685405433177948,,
13,32899,0.96875,0.030122874304652214,,
13,32949,0.9375,0.1948700249195099,,
13,32999,1.0,0.009146439842879772,,
13,33049,1.0,0.012493452057242393,,
13,33099,1.0,0.006661377381533384,,
13,33149,1.0,0.005247225984930992,,
13,33199,0.96875,0.18480542302131653,,
13,33249,0.9375,0.1983983814716339,,
13,33299,0.96875,0.05414653196930885,,
13,33349,0.9375,0.2566131353378296,,
13,33399,0.9375,0.16612310707569122,,
13,33449,0.96875,0.32272788882255554,,
13,33499,0.9375,0.15759094059467316,,
13,33549,1.0,0.04056650400161743,,
13,33599,1.0,0.030015164986252785,,
13,33649,0.96875,0.06698063760995865,,
13,33699,0.96875,0.3208785653114319,,
13,33749,1.0,0.02832704596221447,,
13,33799,0.96875,0.11347007751464844,,
13,33849,0.96875,0.2702619731426239,,
13,33899,0.96875,0.13565538823604584,,
13,33949,0.9375,0.23609812557697296,,
13,33999,1.0,0.010126766748726368,,
13,34049,1.0,0.021863320842385292,,
13,34099,0.96875,0.1600237637758255,,
13,34149,0.96875,0.10939927399158478,,
13,34199,0.96875,0.13325738906860352,,
13,34249,0.90625,0.21242210268974304,,
13,34299,0.90625,0.30842170119285583,,
13,34349,0.9375,0.27246588468551636,,
13,34399,0.90625,0.1777557134628296,,
13,34449,0.9375,0.19475363194942474,,
13,34481,,,0.9766990542411804,0.08346092700958252
14,34499,1.0,0.03550289571285248,,
14,34549,0.96875,0.13654665648937225,,
14,34599,1.0,0.02500743232667446,,
14,34649,0.96875,0.05803763493895531,,
14,34699,0.9375,0.28692319989204407,,
14,34749,1.0,0.02494204230606556,,
14,34799,1.0,0.024535201489925385,,
14,34849,0.96875,0.06267882883548737,,
14,34899,1.0,0.016179241240024567,,
14,34949,1.0,0.018730638548731804,,
14,34999,0.9375,0.10701891034841537,,
14,35049,1.0,0.03521956503391266,,
14,35099,1.0,0.015650853514671326,,
14,35149,0.96875,0.06137066334486008,,
14,35199,1.0,0.03698745742440224,,
14,35249,1.0,0.031940758228302,,
14,35299,0.9375,0.245787113904953,,
14,35349,1.0,0.0202372744679451,,
14,35399,0.90625,0.5116793513298035,,
14,35449,0.90625,0.3124048709869385,,
14,35499,0.9375,0.12491622567176819,,
14,35549,1.0,0.018120763823390007,,
14,35599,0.9375,0.16233325004577637,,
14,35649,1.0,0.031026644632220268,,
14,35699,0.9375,0.0976935476064682,,
14,35749,1.0,0.03624022379517555,,
14,35799,1.0,0.022664731368422508,,
14,35849,1.0,0.026741383597254753,,
14,35899,1.0,0.011988915503025055,,
14,35949,1.0,0.03250642120838165,,
14,35999,1.0,0.018616221845149994,,
14,36049,0.96875,0.07587278634309769,,
14,36099,1.0,0.03181025758385658,,
14,36149,0.96875,0.13409791886806488,,
14,36199,0.96875,0.10689152777194977,,
14,36249,0.96875,0.08616335690021515,,
14,36299,0.96875,0.09045986086130142,,
14,36349,0.9375,0.23807206749916077,,
14,36399,0.9375,0.20462922751903534,,
14,36449,1.0,0.011949259787797928,,
14,36499,0.96875,0.1317232847213745,,
14,36549,0.96875,0.37493640184402466,,
14,36599,0.9375,0.09269843250513077,,
14,36649,1.0,0.028485294431447983,,
14,36699,1.0,0.02288774400949478,,
14,36749,1.0,0.029557455331087112,,
14,36799,1.0,0.02120361477136612,,
14,36849,1.0,0.021475596353411674,,
14,36899,1.0,0.020528938621282578,,
14,36944,,,0.9788691997528076,0.07827945798635483
15,36949,0.96875,0.07453655451536179,,
15,36999,1.0,0.016316482797265053,,
15,37049,0.96875,0.14406658709049225,,
15,37099,0.96875,0.08989613503217697,,
15,37149,0.96875,0.04350658506155014,,
15,37199,0.96875,0.10864344239234924,,
15,37249,1.0,0.0067011332139372826,,
15,37299,1.0,0.03051990643143654,,
15,37349,0.9375,0.1255151927471161,,
15,37399,0.9375,0.12282497435808182,,
15,37449,0.96875,0.1860550343990326,,
15,37499,0.9375,0.16919754445552826,,
15,37549,0.96875,0.04500923305749893,,
15,37599,1.0,0.02957848273217678,,
15,37649,1.0,0.004508339334279299,,
15,37699,0.96875,0.11891313642263412,,
15,37749,1.0,0.019280439242720604,,
15,37799,1.0,0.017585910856723785,,
15,37849,1.0,0.03248903527855873,,
15,37899,0.96875,0.062024302780628204,,
15,37949,0.96875,0.170283243060112,,
15,37999,0.96875,0.05441254377365112,,
15,38049,0.96875,0.06520088762044907,,
15,38099,0.96875,0.10134118050336838,,
15,38149,0.96875,0.205535426735878,,
15,38199,1.0,0.017366521060466766,,
15,38249,1.0,0.03110622800886631,,
15,38299,1.0,0.008264773525297642,,
15,38349,1.0,0.013126100413501263,,
15,38399,1.0,0.03341588377952576,,
15,38449,1.0,0.02468073181807995,,
15,38499,1.0,0.00988939218223095,,
15,38549,0.96875,0.18694989383220673,,
15,38599,0.96875,0.10192959010601044,,
15,38649,0.96875,0.08853211253881454,,
15,38699,1.0,0.03634699061512947,,
15,38749,0.9375,0.18668144941329956,,
15,38799,0.96875,0.026427164673805237,,
15,38849,0.875,0.37273383140563965,,
15,38899,0.9375,0.10222997516393661,,
15,38949,0.96875,0.04593072086572647,,
15,38999,0.9375,0.19081991910934448,,
15,39049,0.96875,0.07439012825489044,,
15,39099,1.0,0.030397776514291763,,
15,39149,0.96875,0.07630378752946854,,
15,39199,0.96875,0.0645044669508934,,
15,39249,0.9375,0.1499081552028656,,
15,39299,0.96875,0.08684077113866806,,
15,39349,1.0,0.009294637478888035,,
15,39399,1.0,0.015220526605844498,,
15,39407,,,0.9797829985618591,0.07170120626688004
16,39449,1.0,0.014833374880254269,,
16,39499,1.0,0.021517563611268997,,
16,39549,1.0,0.025168094784021378,,
16,39599,0.96875,0.0656636506319046,,
16,39649,1.0,0.01309194602072239,,
16,39699,0.96875,0.16732750833034515,,
16,39749,1.0,0.042450014501810074,,
16,39799,0.96875,0.04448433220386505,,
16,39849,0.96875,0.19105437397956848,,
16,39899,1.0,0.017891548573970795,,
16,39949,0.96875,0.15353748202323914,,
16,39999,1.0,0.009190743789076805,,
16,40049,0.96875,0.06754758208990097,,
16,40099,1.0,0.023556342348456383,,
16,40149,1.0,0.023599276319146156,,
16,40199,1.0,0.022543273866176605,,
16,40249,0.96875,0.05068020150065422,,
16,40299,1.0,0.007049268111586571,,
16,40349,0.90625,0.1785675436258316,,
16,40399,1.0,0.009430279023945332,,
16,40449,0.96875,0.11365169286727905,,
16,40499,1.0,0.03092917613685131,,
16,40549,1.0,0.004304364789277315,,
16,40599,0.96875,0.05747067555785179,,
16,40649,0.96875,0.17527171969413757,,
16,40699,0.9375,0.27493026852607727,,
16,40749,0.9375,0.32510611414909363,,
16,40799,0.96875,0.046934016048908234,,
16,40849,1.0,0.00831280741840601,,
16,40899,1.0,0.026750799268484116,,
16,40949,0.96875,0.1148432195186615,,
16,40999,0.96875,0.06399936228990555,,
16,41049,1.0,0.005760029889643192,,
16,41099,0.96875,0.0594417005777359,,
16,41149,0.96875,0.06523322314023972,,
16,41199,0.96875,0.05897551774978638,,
16,41249,1.0,0.01802055910229683,,
16,41299,1.0,0.018479445949196815,,
16,41349,1.0,0.00751304067671299,,
16,41399,0.96875,0.11605137586593628,,
16,41449,1.0,0.04598064720630646,,
16,41499,0.96875,0.21677446365356445,,
16,41549,0.96875,0.1730080246925354,,
16,41599,0.96875,0.1363784372806549,,
16,41649,0.96875,0.2060941755771637,,
16,41699,1.0,0.03625904768705368,,
16,41749,1.0,0.02133650705218315,,
16,41799,0.96875,0.06030244007706642,,
16,41849,0.96875,0.08257271349430084,,
16,41870,,,0.9796687364578247,0.07164111733436584
17,41899,0.9375,0.11008753627538681,,
17,41949,0.96875,0.15131200850009918,,
17,41999,0.96875,0.07252194732427597,,
17,42049,0.9375,0.13605162501335144,,
17,42099,0.96875,0.0685124471783638,,
17,42149,0.96875,0.10021145641803741,,
17,42199,0.9375,0.2616429328918457,,
17,42249,1.0,0.02161502093076706,,
17,42299,1.0,0.012233182787895203,,
17,42349,0.96875,0.045549798756837845,,
17,42399,1.0,0.009614602662622929,,
17,42449,0.96875,0.03246220946311951,,
17,42499,0.9375,0.2405806928873062,,
17,42549,0.96875,0.11072841286659241,,
17,42599,1.0,0.007974657230079174,,
17,42649,1.0,0.026131127029657364,,
17,42699,1.0,0.010553686879575253,,
17,42749,0.9375,0.16345615684986115,,
17,42799,0.96875,0.1654684692621231,,
17,42849,1.0,0.012824480421841145,,
17,42899,0.96875,0.08587955683469772,,
17,42949,1.0,0.024897074326872826,,
17,42999,1.0,0.008997032418847084,,
17,43049,1.0,0.025184448808431625,,
17,43099,0.90625,0.17923694849014282,,
17,43149,1.0,0.03886823356151581,,
17,43199,0.96875,0.15706442296504974,,
17,43249,1.0,0.028299083933234215,,
17,43299,1.0,0.016250042244791985,,
17,43349,0.9375,0.19725748896598816,,
17,43399,0.9375,0.24078361690044403,,
17,43449,0.9375,0.11787570267915726,,
17,43499,0.96875,0.1690215766429901,,
17,43549,1.0,0.0052109952084720135,,
17,43599,0.875,0.499849408864975,,
17,43649,0.96875,0.14069443941116333,,
17,43699,0.96875,0.09019903838634491,,
17,43749,0.96875,0.08593714237213135,,
17,43799,0.875,0.30684635043144226,,
17,43849,0.96875,0.08887741714715958,,
17,43899,0.96875,0.07947198301553726,,
17,43949,1.0,0.016807381063699722,,
17,43999,0.90625,0.2821480333805084,,
17,44049,0.96875,0.10147630423307419,,
17,44099,0.96875,0.04034039378166199,,
17,44149,1.0,0.007618413772433996,,
17,44199,1.0,0.008374151773750782,,
17,44249,0.96875,0.03814445436000824,,
17,44299,1.0,0.02636260725557804,,
17,44333,,,0.9808109402656555,0.07294560968875885
18,44349,0.96875,0.08946704864501953,,
18,44399,0.90625,0.25195881724357605,,
18,44449,1.0,0.007724599447101355,,
18,44499,0.9375,0.06280863285064697,,
18,44549,1.0,0.02218768559396267,,
18,44599,1.0,0.0058976332657039165,,
18,44649,1.0,0.006467185448855162,,
18,44699,0.96875,0.055315226316452026,,
18,44749,1.0,0.039200760424137115,,
18,44799,1.0,0.006981047336012125,,
18,44849,0.9375,0.13694524765014648,,
18,44899,0.96875,0.0987311527132988,,
18,44949,0.96875,0.0564538910984993,,
18,44999,0.96875,0.1420968472957611,,
18,45049,1.0,0.0047071524895727634,,
18,45099,1.0,0.01695566438138485,,
18,45149,0.96875,0.13819485902786255,,
18,45199,1.0,0.024039505049586296,,
18,45249,1.0,0.009610009379684925,,
18,45299,1.0,0.02169918082654476,,
18,45349,0.96875,0.042402233928442,,
18,45399,0.96875,0.15699054300785065,,
18,45449,0.96875,0.04708006978034973,,
18,45499,0.90625,0.11017366498708725,,
18,45549,1.0,0.014871628023684025,,
18,45599,0.96875,0.1422864943742752,,
18,45649,0.96875,0.12896430492401123,,
18,45699,0.9375,0.2418070286512375,,
18,45749,0.90625,0.33582720160484314,,
18,45799,1.0,0.024406373500823975,,
18,45849,0.9375,0.2338627278804779,,
18,45899,0.96875,0.030653059482574463,,
18,45949,0.96875,0.1601787507534027,,
18,45999,0.96875,0.11531632393598557,,
18,46049,1.0,0.03573794290423393,,
18,46099,0.9375,0.11596855521202087,,
18,46149,1.0,0.03368587791919708,,
18,46199,1.0,0.023271651938557625,,
18,46249,1.0,0.040283795446157455,,
18,46299,1.0,0.058037519454956055,,
18,46349,1.0,0.03608465567231178,,
18,46399,1.0,0.05697457119822502,,
18,46449,0.96875,0.11465582251548767,,
18,46499,0.9375,0.1968993991613388,,
18,46549,0.96875,0.057878278195858,,
18,46599,1.0,0.016921570524573326,,
18,46649,1.0,0.04033060744404793,,
18,46699,0.9375,0.11558526754379272,,
18,46749,0.96875,0.1871872842311859,,
18,46796,,,0.9798972010612488,0.06778138130903244
19,46799,0.96875,0.20498335361480713,,
19,46849,1.0,0.024163521826267242,,
19,46899,0.9375,0.14389128983020782,,
19,46949,1.0,0.03458605706691742,,
19,46999,0.96875,0.06769660860300064,,
19,47049,1.0,0.009979176335036755,,
19,47099,1.0,0.012983103282749653,,
19,47149,1.0,0.00294248154386878,,
19,47199,1.0,0.010639473795890808,,
19,47249,0.9375,0.14505837857723236,,
19,47299,1.0,0.02857053652405739,,
19,47349,1.0,0.03941567987203598,,
19,47399,0.96875,0.05039937421679497,,
19,47449,0.9375,0.11090481281280518,,
19,47499,1.0,0.032202769070863724,,
19,47549,0.96875,0.04701809212565422,,
19,47599,0.96875,0.19319824874401093,,
19,47649,0.875,0.3987586200237274,,
19,47699,1.0,0.019380904734134674,,
19,47749,0.96875,0.04370579868555069,,
19,47799,1.0,0.014836431480944157,,
19,47849,0.96875,0.11157448589801788,,
19,47899,1.0,0.02195887453854084,,
19,47949,0.96875,0.06337746977806091,,
19,47999,0.9375,0.24044932425022125,,
19,48049,0.96875,0.19198957085609436,,
19,48099,0.96875,0.09246271848678589,,
19,48149,0.90625,0.16491243243217468,,
19,48199,0.96875,0.07723575830459595,,
19,48249,1.0,0.0034609443973749876,,
19,48299,0.96875,0.0379737913608551,,
19,48349,0.9375,0.17442794144153595,,
19,48399,1.0,0.002874449361115694,,
19,48449,0.96875,0.07197406142950058,,
19,48499,0.96875,0.0760999247431755,,
19,48549,0.96875,0.055305201560258865,,
19,48599,0.96875,0.0896119549870491,,
19,48649,0.9375,0.15617966651916504,,
19,48699,1.0,0.007181867025792599,,
19,48749,1.0,0.012126161716878414,,
19,48799,1.0,0.02321690134704113,,
19,48849,0.96875,0.1676168441772461,,
19,48899,0.9375,0.1922188401222229,,
19,48949,0.96875,0.10748946666717529,,
19,48999,0.96875,0.053590428084135056,,
19,49049,0.9375,0.2750873863697052,,
19,49099,1.0,0.02864880859851837,,
19,49149,1.0,0.020987391471862793,,
19,49199,1.0,0.03869698941707611,,
19,49249,1.0,0.02603013440966606,,
19,49259,,,0.9830953478813171,0.0652555376291275
20,49299,1.0,0.006395512260496616,,
20,49349,0.96875,0.10989846289157867,,
20,49399,0.96875,0.13160917162895203,,
20,49449,0.96875,0.05823585018515587,,
20,49499,0.96875,0.04347610101103783,,
20,49549,0.96875,0.2556431293487549,,
20,49599,0.9375,0.3456507921218872,,
20,49649,0.9375,0.19309233129024506,,
20,49699,0.96875,0.08385688066482544,,
20,49749,0.9375,0.11004708707332611,,
20,49799,0.96875,0.09771695733070374,,
20,49849,0.9375,0.1267278641462326,,
20,49899,0.96875,0.039236485958099365,,
20,49949,1.0,0.01477841380983591,,
20,49999,0.96875,0.08037745952606201,,
20,50049,0.96875,0.0506623350083828,,
20,50099,0.96875,0.08713207393884659,,
20,50149,0.9375,0.11004196107387543,,
20,50199,0.9375,0.16230040788650513,,
20,50249,1.0,0.011638405732810497,,
20,50299,0.96875,0.10865259170532227,,
20,50349,1.0,0.03616996482014656,,
20,50399,1.0,0.03904878348112106,,
20,50449,0.9375,0.24433602392673492,,
20,50499,1.0,0.003430540906265378,,
20,50549,0.96875,0.08695767819881439,,
20,50599,1.0,0.01327897235751152,,
20,50649,1.0,0.02083098143339157,,
20,50699,0.90625,0.4278925657272339,,
20,50749,1.0,0.02192063257098198,,
20,50799,0.96875,0.05221251770853996,,
20,50849,1.0,0.010714249685406685,,
20,50899,1.0,0.010694719851016998,,
20,50949,1.0,0.02450174279510975,,
20,50999,1.0,0.022721443325281143,,
20,51049,1.0,0.00919363833963871,,
20,51099,0.9375,0.2107628434896469,,
20,51149,1.0,0.02858860045671463,,
20,51199,1.0,0.04647646099328995,,
20,51249,0.96875,0.07256922870874405,,
20,51299,0.96875,0.12038031965494156,,
20,51349,0.96875,0.11307813227176666,,
20,51399,0.96875,0.1628168374300003,,
20,51449,1.0,0.003251011949032545,,
20,51499,1.0,0.0598946213722229,,
20,51549,1.0,0.01183990202844143,,
20,51599,1.0,0.027399461716413498,,
20,51649,1.0,0.01796681433916092,,
20,51699,1.0,0.04513419419527054,,
20,51722,,,0.9818389415740967,0.06736782193183899
21,51749,1.0,0.016397830098867416,,
21,51799,1.0,0.027479639276862144,,
21,51849,1.0,0.024752967059612274,,
21,51899,1.0,0.024486500769853592,,
21,51949,1.0,0.007084227167069912,,
21,51999,1.0,0.02894795686006546,,
21,52049,1.0,0.046798814088106155,,
21,52099,1.0,0.01934327557682991,,
21,52149,1.0,0.008098958991467953,,
21,52199,0.96875,0.389832466840744,,
21,52249,1.0,0.006792081519961357,,
21,52299,1.0,0.027008086442947388,,
21,52349,1.0,0.014306987635791302,,
21,52399,0.9375,0.16278307139873505,,
21,52449,0.9375,0.0951848030090332,,
21,52499,0.96875,0.07547732442617416,,
21,52549,1.0,0.002447601640596986,,
21,52599,1.0,0.020457420498132706,,
21,52649,0.96875,0.129917711019516,,
21,52699,0.96875,0.08085291087627411,,
21,52749,1.0,0.012824231758713722,,
21,52799,0.9375,0.33005422353744507,,
21,52849,1.0,0.011904739774763584,,
21,52899,1.0,0.01695472002029419,,
21,52949,1.0,0.0058067613281309605,,
21,52999,1.0,0.02369551919400692,,
21,53049,0.96875,0.09427224844694138,,
21,53099,0.96875,0.14606885612010956,,
21,53149,1.0,0.018281249329447746,,
21,53199,1.0,0.023308709263801575,,
21,53249,0.90625,0.2958122789859772,,
21,53299,1.0,0.027724159881472588,,
21,53349,0.96875,0.03586418926715851,,
21,53399,1.0,0.011411166749894619,,
21,53449,1.0,0.009353660978376865,,
21,53499,0.96875,0.17693650722503662,,
21,53549,0.96875,0.06052717566490173,,
21,53599,1.0,0.04873286932706833,,
21,53649,1.0,0.019518937915563583,,
21,53699,0.9375,0.10024608671665192,,
21,53749,0.96875,0.0798816829919815,,
21,53799,0.96875,0.15139955282211304,,
21,53849,0.9375,0.2813999056816101,,
21,53899,0.96875,0.19302694499492645,,
21,53949,1.0,0.05092976987361908,,
21,53999,0.96875,0.09507579356431961,,
21,54049,1.0,0.021791784092783928,,
21,54099,1.0,0.030088642612099648,,
21,54149,0.90625,0.16525927186012268,,
21,54185,,,0.9820674061775208,0.06444885581731796
22,54199,1.0,0.03317456319928169,,
22,54249,0.96875,0.1898900717496872,,
22,54299,1.0,0.03430694714188576,,
22,54349,0.9375,0.1671743094921112,,
22,54399,0.96875,0.13821765780448914,,
22,54449,0.96875,0.053731150925159454,,
22,54499,1.0,0.015217974781990051,,
22,54549,1.0,0.014616664499044418,,
22,54599,0.96875,0.19056911766529083,,
22,54649,1.0,0.03216994181275368,,
22,54699,0.9375,0.18830128014087677,,
22,54749,1.0,0.011606809683144093,,
22,54799,1.0,0.010344509035348892,,
22,54849,0.96875,0.05108235403895378,,
22,54899,0.96875,0.04577585682272911,,
22,54949,1.0,0.009890790097415447,,
22,54999,1.0,0.008438856340944767,,
22,55049,0.90625,0.21038328111171722,,
22,55099,0.96875,0.06195467710494995,,
22,55149,0.96875,0.1530212014913559,,
22,55199,1.0,0.0021053107921034098,,
22,55249,0.96875,0.3419502079486847,,
22,55299,0.96875,0.12904109060764313,,
22,55349,0.96875,0.06629692763090134,,
22,55399,1.0,0.003170453943312168,,
22,55449,0.9375,0.16516251862049103,,
22,55499,0.96875,0.07514921575784683,,
22,55549,0.9375,0.1374800056219101,,
22,55599,0.96875,0.05936272442340851,,
22,55649,1.0,0.004631369840353727,,
22,55699,0.96875,0.06261337548494339,,
22,55749,0.96875,0.05540022626519203,,
22,55799,1.0,0.013057652860879898,,
22,55849,1.0,0.014642438851296902,,
22,55899,0.96875,0.08408223092556,,
22,55949,1.0,0.0057202591560781,,
22,55999,1.0,0.007390039972960949,,
22,56049,1.0,0.020324958488345146,,
22,56099,0.9375,0.27301025390625,,
22,56149,0.9375,0.10738638788461685,,
22,56199,0.96875,0.07466373592615128,,
22,56249,1.0,0.005483313463628292,,
22,56299,1.0,0.015256239101290703,,
22,56349,1.0,0.020878072828054428,,
22,56399,0.96875,0.08256836980581284,,
22,56449,0.96875,0.08894744515419006,,
22,56499,0.9375,0.302055299282074,,
22,56549,1.0,0.030760332942008972,,
22,56599,0.96875,0.0478866845369339,,
22,56648,,,0.9797829985618591,0.07154877483844757
23,56649,0.96875,0.04907558858394623,,
23,56699,1.0,0.02894599176943302,,
23,56749,0.96875,0.06914646923542023,,
23,56799,1.0,0.03773565962910652,,
23,56849,1.0,0.028802551329135895,,
23,56899,1.0,0.02587384544312954,,
23,56949,0.96875,0.13862459361553192,,
23,56999,0.96875,0.09867523610591888,,
23,57049,1.0,0.043482836335897446,,
23,57099,0.96875,0.12004105746746063,,
23,57149,1.0,0.01263777632266283,,
23,57199,0.96875,0.10191723704338074,,
23,57249,0.96875,0.046510979533195496,,
23,57299,0.96875,0.1577703207731247,,
23,57349,1.0,0.029153799638152122,,
23,57399,1.0,0.01266483124345541,,
23,57449,0.96875,0.038482923060655594,,
23,57499,1.0,0.034187112003564835,,
23,57549,0.96875,0.05881774052977562,,
23,57599,1.0,0.0060599506832659245,,
23,57649,0.96875,0.11965826153755188,,
23,57699,0.96875,0.19482938945293427,,
23,57749,0.96875,0.11565171182155609,,
23,57799,1.0,0.004110920242965221,,
23,57849,0.96875,0.1350695937871933,,
23,57899,0.96875,0.05184848979115486,,
23,57949,0.96875,0.1280220001935959,,
23,57999,0.96875,0.26925283670425415,,
23,58049,1.0,0.013777317479252815,,
23,58099,1.0,0.008571137674152851,,
23,58149,1.0,0.007235963363200426,,
23,58199,0.96875,0.120278000831604,,
23,58249,0.9375,0.1592157781124115,,
23,58299,1.0,0.027250653132796288,,
23,58349,1.0,0.010077057406306267,,
23,58399,1.0,0.01382061280310154,,
23,58449,0.96875,0.03076983615756035,,
23,58499,0.90625,0.2601921856403351,,
23,58549,1.0,0.024756090715527534,,
23,58599,0.96875,0.050092268735170364,,
23,58649,1.0,0.009054247289896011,,
23,58699,1.0,0.019031601026654243,,
23,58749,0.9375,0.0871758684515953,,
23,58799,0.875,0.33547383546829224,,
23,58849,0.96875,0.04037531837821007,,
23,58899,1.0,0.0055900500155985355,,
23,58949,1.0,0.03644266724586487,,
23,58999,1.0,0.002946525113657117,,
23,59049,0.96875,0.04809097573161125,,
23,59099,0.96875,0.1241949051618576,,
23,59111,,,0.9826384782791138,0.06893449276685715
24,59149,0.9375,0.09512905031442642,,
24,59199,0.9375,0.10672665387392044,,
24,59249,0.96875,0.17579945921897888,,
24,59299,1.0,0.023654643446207047,,
24,59349,1.0,0.008354519493877888,,
24,59399,0.9375,0.17782087624073029,,
24,59449,0.96875,0.1419283002614975,,
24,59499,0.96875,0.14826790988445282,,
24,59549,0.96875,0.12230655550956726,,
24,59599,1.0,0.013667477294802666,,
24,59649,0.96875,0.08245786279439926,,
24,59699,0.96875,0.1392456442117691,,
24,59749,1.0,0.04148569330573082,,
24,59799,1.0,0.004523813724517822,,
24,59849,1.0,0.008719475008547306,,
24,59899,1.0,0.010804164223372936,,
24,59949,0.96875,0.02678457833826542,,
24,59999,1.0,0.026124341413378716,,
24,60049,1.0,0.05658923462033272,,
24,60099,0.9375,0.2599017024040222,,
24,60149,1.0,0.0061570447869598866,,
24,60199,0.9375,0.0817650631070137,,
24,60249,1.0,0.04059544578194618,,
24,60299,1.0,0.006005709525197744,,
24,60349,1.0,0.013844229280948639,,
24,60399,0.9375,0.0967855453491211,,
24,60449,0.96875,0.15539132058620453,,
24,60499,0.96875,0.10666979104280472,,
24,60549,0.9375,0.17799422144889832,,
24,60599,0.96875,0.1948164999485016,,
24,60649,0.9375,0.11273311078548431,,
24,60699,1.0,0.015388897620141506,,
24,60749,1.0,0.0121601652354002,,
24,60799,1.0,0.012946651317179203,,
24,60849,1.0,0.049267858266830444,,
24,60899,0.9375,0.07574500143527985,,
24,60949,0.96875,0.04103345051407814,,
24,60999,0.96875,0.18982049822807312,,
24,61049,0.96875,0.09542849659919739,,
24,61099,0.96875,0.06149914115667343,,
24,61149,1.0,0.016566602513194084,,
24,61199,0.875,0.5455676317214966,,
24,61249,1.0,0.003061602357774973,,
24,61299,1.0,0.05820804089307785,,
24,61349,0.9375,0.1445433348417282,,
24,61399,1.0,0.012796927243471146,,
24,61449,1.0,0.022608287632465363,,
24,61499,1.0,0.013774103485047817,,
24,61549,0.96875,0.08613830804824829,,
24,61574,,,0.9833238124847412,0.06206236779689789
25,61599,1.0,0.02611205354332924,,
25,61649,1.0,0.010542584583163261,,
25,61699,1.0,0.007709309458732605,,
25,61749,1.0,0.004556137602776289,,
25,61799,1.0,0.05123211815953255,,
25,61849,0.96875,0.11532270163297653,,
25,61899,0.96875,0.05056242644786835,,
25,61949,0.96875,0.08513494580984116,,
25,61999,0.96875,0.06679835915565491,,
25,62049,1.0,0.013638054020702839,,
25,62099,1.0,0.03298883140087128,,
25,62149,1.0,0.014282695949077606,,
25,62199,0.96875,0.1398223638534546,,
25,62249,1.0,0.018714915961027145,,
25,62299,0.9375,0.14593735337257385,,
25,62349,1.0,0.025353040546178818,,
25,62399,0.9375,0.09729569405317307,,
25,62449,0.96875,0.07374514639377594,,
25,62499,0.9375,0.22366441786289215,,
25,62549,1.0,0.011513058096170425,,
25,62599,1.0,0.009762936271727085,,
25,62649,1.0,0.017605897039175034,,
25,62699,0.9375,0.07865302264690399,,
25,62749,0.9375,0.1226441040635109,,
25,62799,1.0,0.054798513650894165,,
25,62849,0.96875,0.25524386763572693,,
25,62899,1.0,0.018763504922389984,,
25,62949,1.0,0.003801764454692602,,
25,62999,1.0,0.010575748980045319,,
25,63049,0.96875,0.050155431032180786,,
25,63099,0.9375,0.12253611534833908,,
25,63149,0.9375,0.19223114848136902,,
25,63199,0.9375,0.23959429562091827,,
25,63249,0.9375,0.2497294545173645,,
25,63299,0.96875,0.1497579962015152,,
25,63349,1.0,0.01050859596580267,,
25,63399,0.96875,0.143624410033226,,
25,63449,0.9375,0.1835222989320755,,
25,63499,0.96875,0.06919105350971222,,
25,63549,1.0,0.013100667856633663,,
25,63599,0.96875,0.06882880628108978,,
25,63649,1.0,0.028729362413287163,,
25,63699,1.0,0.005309527274221182,,
25,63749,0.9375,0.1379155069589615,,
25,63799,0.96875,0.25422361493110657,,
25,63849,0.9375,0.07604032754898071,,
25,63899,0.96875,0.1849818080663681,,
25,63949,1.0,0.017593039199709892,,
25,63999,0.96875,0.11794654279947281,,
25,64037,,,0.9833238124847412,0.05933817848563194
26,64049,1.0,0.012672241777181625,,
26,64099,1.0,0.014116658829152584,,
26,64149,1.0,0.02105993591248989,,
26,64199,0.875,0.30693531036376953,,
26,64249,1.0,0.012943951413035393,,
26,64299,1.0,0.028739837929606438,,
26,64349,0.9375,0.08316072076559067,,
26,64399,0.96875,0.02855069190263748,,
26,64449,0.96875,0.10483066737651825,,
26,64499,1.0,0.019242048263549805,,
26,64549,1.0,0.0019967181142419577,,
26,64599,0.96875,0.039622195065021515,,
26,64649,0.9375,0.11665253341197968,,
26,64699,0.9375,0.18956023454666138,,
26,64749,0.90625,0.28458863496780396,,
26,64799,1.0,0.00335665512830019,,
26,64849,1.0,0.015140985138714314,,
26,64899,0.90625,0.313262939453125,,
26,64949,0.9375,0.10638665407896042,,
26,64999,0.96875,0.04861173778772354,,
26,65049,1.0,0.009713524952530861,,
26,65099,1.0,0.014981566928327084,,
26,65149,1.0,0.018882285803556442,,
26,65199,1.0,0.0033021513372659683,,
26,65249,0.9375,0.2392881065607071,,
26,65299,1.0,0.0035860941279679537,,
26,65349,1.0,0.030337536707520485,,
26,65399,1.0,0.02077481336891651,,
26,65449,0.96875,0.047608524560928345,,
26,65499,0.96875,0.0643509104847908,,
26,65549,1.0,0.010795158334076405,,
26,65599,0.96875,0.099843829870224,,
26,65649,1.0,0.02142990007996559,,
26,65699,1.0,0.024542836472392082,,
26,65749,0.96875,0.04558167979121208,,
26,65799,0.96875,0.09077306091785431,,
26,65849,1.0,0.017155084758996964,,
26,65899,0.96875,0.19446805119514465,,
26,65949,0.96875,0.07657045125961304,,
26,65999,0.96875,0.12490266561508179,,
26,66049,1.0,0.019393187016248703,,
26,66099,0.96875,0.10358267277479172,,
26,66149,0.90625,0.29192423820495605,,
26,66199,0.96875,0.05468966066837311,,
26,66249,1.0,0.025843720883131027,,
26,66299,0.96875,0.1874220073223114,,
26,66349,1.0,0.033549319952726364,,
26,66399,1.0,0.004808969795703888,,
26,66449,1.0,0.008244912140071392,,
26,66499,1.0,0.011174052022397518,,
26,66500,,,0.9829811453819275,0.0642380341887474
27,66549,0.84375,0.3871525228023529,,
27,66599,1.0,0.029113544151186943,,
27,66649,0.96875,0.03860063850879669,,
27,66699,1.0,0.003142349887639284,,
27,66749,0.9375,0.1263211965560913,,
27,66799,0.96875,0.045856278389692307,,
27,66849,0.9375,0.2073879837989807,,
27,66899,1.0,0.008426894433796406,,
27,66949,0.96875,0.08966540545225143,,
27,66999,0.96875,0.03804417699575424,,
27,67049,1.0,0.008256572298705578,,
27,67099,1.0,0.01150500774383545,,
27,67149,0.96875,0.1853984147310257,,
27,67199,1.0,0.03125777468085289,,
27,67249,0.96875,0.11067139357328415,,
27,67299,1.0,0.01074171345680952,,
27,67349,0.96875,0.06200403720140457,,
27,67399,0.96875,0.06420629471540451,,
27,67449,0.96875,0.045432090759277344,,
27,67499,0.9375,0.2815033793449402,,
27,67549,1.0,0.013489972800016403,,
27,67599,1.0,0.0149082001298666,,
27,67649,1.0,0.007685631979256868,,
27,67699,1.0,0.004907867405563593,,
27,67749,0.96875,0.13058827817440033,,
27,67799,0.96875,0.050085101276636124,,
27,67849,1.0,0.002597153652459383,,
27,67899,1.0,0.014537087641656399,,
27,67949,1.0,0.03800513595342636,,
27,67999,1.0,0.017620909959077835,,
27,68049,0.96875,0.06060580536723137,,
27,68099,0.96875,0.10871344804763794,,
27,68149,1.0,0.005497259553521872,,
27,68199,1.0,0.019520852714776993,,
27,68249,0.9375,0.06171150878071785,,
27,68299,1.0,0.007434985134750605,,
27,68349,0.9375,0.11044960469007492,,
27,68399,0.9375,0.27823635935783386,,
27,68449,1.0,0.006304924841970205,,
27,68499,1.0,0.017911991104483604,,
27,68549,1.0,0.03936247527599335,,
27,68599,0.9375,0.18119853734970093,,
27,68649,0.9375,0.3558880388736725,,
27,68699,1.0,0.016319412738084793,,
27,68749,1.0,0.006389897782355547,,
27,68799,1.0,0.02437674067914486,,
27,68849,1.0,0.015462977811694145,,
27,68899,1.0,0.0022549773566424847,,
27,68949,0.96875,0.16163475811481476,,
27,68963,,,0.9808109402656555,0.06938546895980835
28,68999,1.0,0.00976639799773693,,
28,69049,0.96875,0.11066699773073196,,
28,69099,0.90625,0.20204629004001617,,
28,69149,0.96875,0.17926406860351562,,
28,69199,1.0,0.013018540106713772,,
28,69249,1.0,0.032094407826662064,,
28,69299,1.0,0.04218043386936188,,
28,69349,0.9375,0.2342604696750641,,
28,69399,0.9375,0.18888424336910248,,
28,69449,0.9375,0.359333336353302,,
28,69499,1.0,0.009808015078306198,,
28,69549,1.0,0.0025077499449253082,,
28,69599,0.9375,0.07756698876619339,,
28,69649,1.0,0.015065801329910755,,
28,69699,1.0,0.016784556210041046,,
28,69749,0.96875,0.08334604650735855,,
28,69799,1.0,0.02312449738383293,,
28,69849,0.9375,0.20234906673431396,,
28,69899,0.96875,0.1383904665708542,,
28,69949,1.0,0.011948752216994762,,
28,69999,1.0,0.03918233886361122,,
28,70049,1.0,0.007474803365767002,,
28,70099,0.90625,0.31071701645851135,,
28,70149,1.0,0.011495351791381836,,
28,70199,0.96875,0.13983167707920074,,
28,70249,1.0,0.02644546888768673,,
28,70299,0.96875,0.051364466547966,,
28,70349,1.0,0.03294521942734718,,
28,70399,0.96875,0.06974661350250244,,
28,70449,1.0,0.012612933292984962,,
28,70499,1.0,0.020938903093338013,,
28,70549,1.0,0.00919677596539259,,
28,70599,0.90625,0.25752073526382446,,
28,70649,0.96875,0.05008424073457718,,
28,70699,0.96875,0.07751547545194626,,
28,70749,0.96875,0.059657882899045944,,
28,70799,1.0,0.0058662379160523415,,
28,70849,0.9375,0.19503101706504822,,
28,70899,1.0,0.031124422326683998,,
28,70949,1.0,0.01450857613235712,,
28,70999,1.0,0.008790395222604275,,
28,71049,0.90625,0.11487866938114166,,
28,71099,0.96875,0.07903861999511719,,
28,71149,0.96875,0.1561681181192398,,
28,71199,1.0,0.005682655144482851,,
28,71249,0.96875,0.05888519436120987,,
28,71299,0.96875,0.06419219821691513,,
28,71349,1.0,0.00482364185154438,,
28,71399,0.9375,0.2646293044090271,,
28,71426,,,0.9796687364578247,0.07297568768262863
29,71449,0.96875,0.10196872800588608,,
29,71499,0.96875,0.2607653737068176,,
29,71549,1.0,0.03557104244828224,,
29,71599,0.96875,0.04543532058596611,,
29,71649,1.0,0.01380069274455309,,
29,71699,0.90625,0.26858073472976685,,
29,71749,1.0,0.0036140121519565582,,
29,71799,0.96875,0.04723105579614639,,
29,71849,1.0,0.02934814989566803,,
29,71899,0.96875,0.2007696032524109,,
29,71949,1.0,0.006239055190235376,,
29,71999,1.0,0.006151803303509951,,
29,72049,1.0,0.020131096243858337,,
29,72099,0.96875,0.07661046087741852,,
29,72149,0.96875,0.05876776576042175,,
29,72199,1.0,0.024676956236362457,,
29,72249,1.0,0.003691445104777813,,
29,72299,0.96875,0.08775129169225693,,
29,72349,1.0,0.007009436842054129,,
29,72399,0.9375,0.3132842183113098,,
29,72449,0.96875,0.09691644459962845,,
29,72499,1.0,0.0029563801363110542,,
29,72549,1.0,0.006486249156296253,,
29,72599,0.9375,0.10640653967857361,,
29,72649,1.0,0.007496684789657593,,
29,72699,0.96875,0.0603250116109848,,
29,72749,1.0,0.021845463663339615,,
29,72799,1.0,0.04955185577273369,,
29,72849,0.96875,0.05858602747321129,,
29,72899,0.96875,0.032249096781015396,,
29,72949,0.96875,0.05844137817621231,,
29,72999,0.8125,0.601513147354126,,
29,73049,0.9375,0.09852728992700577,,
29,73099,1.0,0.012630179524421692,,
29,73149,0.96875,0.04090574011206627,,
29,73199,0.96875,0.09426569193601608,,
29,73249,0.9375,0.10419236123561859,,
29,73299,1.0,0.028654927387833595,,
29,73349,1.0,0.01820945180952549,,
29,73399,1.0,0.018689865246415138,,
29,73449,0.96875,0.04281141236424446,,
29,73499,0.96875,0.2767891585826874,,
29,73549,1.0,0.03221754729747772,,
29,73599,1.0,0.06422678381204605,,
29,73649,0.96875,0.031700391322374344,,
29,73699,0.90625,0.18810957670211792,,
29,73749,1.0,0.005940336734056473,,
29,73799,1.0,0.0035839101765304804,,
29,73849,1.0,0.01947469264268875,,
29,73889,,,0.9824100732803345,0.061264362186193466
30,73899,0.96875,0.07942559570074081,,
30,73949,0.96875,0.19860316812992096,,
30,73999,0.9375,0.0635073333978653,,
30,74049,1.0,0.0015592675190418959,,
30,74099,0.90625,0.1555626094341278,,
30,74149,1.0,0.006686060223728418,,
30,74199,1.0,0.008479566313326359,,
30,74249,0.96875,0.06495627015829086,,
30,74299,1.0,0.04147592559456825,,
30,74349,1.0,0.01143618579953909,,
30,74399,0.9375,0.2159532606601715,,
30,74449,1.0,0.02306988649070263,,
30,74499,1.0,0.013266215100884438,,
30,74549,1.0,0.0439123809337616,,
30,74599,1.0,0.02009882777929306,,
30,74649,1.0,0.003895101137459278,,
30,74699,1.0,0.008035281673073769,,
30,74749,1.0,0.01595301367342472,,
30,74799,0.96875,0.0384308323264122,,
30,74849,1.0,0.014736207202076912,,
30,74899,0.96875,0.04702764004468918,,
30,74949,0.9375,0.39556223154067993,,
30,74999,0.96875,0.07815179228782654,,
30,75049,1.0,0.007536891847848892,,
30,75099,1.0,0.016161883249878883,,
30,75149,1.0,0.03888320177793503,,
30,75199,0.96875,0.10075195133686066,,
30,75249,1.0,0.023533981293439865,,
30,75299,1.0,0.035285886377096176,,
30,75349,0.9375,0.15363267064094543,,
30,75399,0.96875,0.04956692457199097,,
30,75449,1.0,0.0043866285122931,,
30,75499,1.0,0.031009621918201447,,
30,75549,1.0,0.016051506623625755,,
30,75599,1.0,0.000874585472047329,,
30,75649,1.0,0.00492777768522501,,
30,75699,1.0,0.03395574912428856,,
30,75749,1.0,0.004757618065923452,,
30,75799,1.0,0.020976940169930458,,
30,75849,0.96875,0.10967405140399933,,
30,75899,1.0,0.030297672376036644,,
30,75949,0.96875,0.07165580987930298,,
30,75999,1.0,0.01139803696423769,,
30,76049,1.0,0.004204816650599241,,
30,76099,0.96875,0.08639546483755112,,
30,76149,1.0,0.0018715191399678588,,
30,76199,0.9375,0.29645150899887085,,
30,76249,0.96875,0.13269180059432983,,
30,76299,0.96875,0.07506807148456573,,
30,76349,0.96875,0.2188616842031479,,
30,76352,,,0.9798972010612488,0.07074981927871704
